Kon;Alder;Alder;Alder10;Avdelning;Omfattning;Franvaro;Lon;Anstallning;Fortroendearbetstid;Karriarniva;Arbetsomrade;Arbetsomrade1;Personalansvar;Anstalld_sedan
man;52;50-54;50-59;Logistik;100;0;63495;Tillsvidare;Ja;5;10;1;Nej;1993-11-02
kvinna;48;45-49;40-49;Logistik;100;0;61370;Tillsvidare;Ja;5;10;1;Ja;2000-04-18
man;42;40-44;40-49;Logistik;100;0;61455;Tillsvidare;Ja;5;10;1;Ja;2001-09-01
kvinna;53;50-54;50-59;Logistik;100;0;61540;Tillsvidare;Ja;5;10;1;Ja;1993-10-05
kvinna;47;45-49;40-49;Logistik;100;100;58820;Tillsvidare;Ja;5;10;1;Ja;2001-06-05
man;50;50-54;50-59;Logistik;100;0;60180;Tillsvidare;Ja;5;10;1;Ja;2006-03-01
man;45;45-49;40-49;Logistik;100;0;59500;Tillsvidare;Ja;5;10;1;Ja;2000-10-31
kvinna;46;45-49;40-49;Logistik;100;0;37315;Tillsvidare;Nej;3;10;1;;2007-01-23
man;46;45-49;40-49;Logistik;100;0;39100;Tillsvidare;Nej;3;10;1;;2011-02-01
kvinna;40;40-44;40-49;Logistik;100;100;40545;Tillsvidare;Nej;3;10;1;;2009-11-01
kvinna;40;40-44;40-49;Logistik;100;6;35530;Tillsvidare;Nej;3;10;1;;2013-01-31
man;39;35-39;30-39;Logistik;100;13;36975;Tillsvidare;Nej;3;10;1;;2002-11-01
man;36;35-39;30-39;Logistik;100;100;31110;Tillsvidare;Nej;3;10;1;;2008-12-31
man;35;35-39;30-39;Logistik;100;2;35020;Tillsvidare;Nej;3;10;1;;2014-10-07
man;35;35-39;30-39;Logistik;100;0;36125;Tillsvidare;Nej;3;10;1;;2014-06-03
kvinna;34;30-34;30-39;Logistik;100;13;33150;Tillsvidare;Nej;3;10;1;;2009-04-28
man;31;30-34;30-39;Logistik;100;0;32215;Tillsvidare;Nej;3;10;1;;2013-09-10
kvinna;29;25-29;-29;Logistik;100;0;30515;Tillsvidare;Nej;3;10;1;;2015-08-04
man;49;45-49;40-49;Logistik;100;0;37315;Tillsvidare;Nej;3;10;1;;2001-01-14
kvinna;39;35-39;30-39;Logistik;100;100;36125;Tillsvidare;Nej;3;10;1;;2008-03-11
kvinna;33;30-34;30-39;Logistik;100;0;35955;Tillsvidare;Nej;3;10;1;;2017-02-07
kvinna;32;30-34;30-39;Logistik;100;0;34255;Tillsvidare;Nej;3;10;1;;2012-04-13
man;44;40-44;40-49;Logistik;100;0;36125;Tillsvidare;Nej;3;10;1;;2017-03-01
kvinna;42;40-44;40-49;Logistik;100;13;39015;Tillsvidare;Nej;3;10;1;;2014-03-01
kvinna;41;40-44;40-49;Logistik;100;100;34935;Tillsvidare;Nej;3;10;1;;2005-09-01
kvinna;39;35-39;30-39;Logistik;100;0;35785;Tillsvidare;Nej;3;10;1;;2008-07-15
kvinna;38;35-39;30-39;Logistik;100;0;34850;Tillsvidare;Nej;3;10;1;;2010-02-04
man;35;35-39;30-39;Logistik;100;10;34255;Tillsvidare;Nej;3;10;1;;2008-06-10
kvinna;34;30-34;30-39;Logistik;100;0;35785;Tillsvidare;Nej;3;10;1;;2013-04-01
kvinna;37;35-39;30-39;Logistik;100;3;38590;Tillsvidare;Nej;3;10;1;;2006-06-13
man;34;30-34;30-39;Logistik;100;13;34425;Tillsvidare;Nej;3;10;1;;2010-05-04
man;28;25-29;-29;Logistik;100;0;34000;Tillsvidare;Nej;3;10;1;;2017-03-21
kvinna;26;25-29;-29;Logistik;100;0;28050;Tillsvidare;Nej;3;10;1;;2016-10-18
kvinna;42;40-44;40-49;Logistik;100;0;40630;Tillsvidare;Nej;3;10;1;;2012-10-02
kvinna;41;40-44;40-49;Logistik;100;0;38080;Tillsvidare;Nej;3;10;1;;2014-11-01
man;34;30-34;30-39;Logistik;100;0;34765;Tillsvidare;Nej;3;10;1;;2009-06-09
kvinna;31;30-34;30-39;Logistik;100;0;34000;Tillsvidare;Nej;3;10;1;;2015-09-08
man;43;40-44;40-49;Logistik;100;0;37740;Tillsvidare;Ja;3;10;1;;2006-09-22
kvinna;42;40-44;40-49;Logistik;100;0;39185;Tillsvidare;Nej;3;10;1;;2011-01-01
kvinna;39;35-39;30-39;Logistik;100;100;34170;Tillsvidare;Nej;3;10;1;;2013-01-31
kvinna;36;35-39;30-39;Logistik;100;100;36125;Tillsvidare;Nej;3;10;1;;2007-06-26
kvinna;33;30-34;30-39;Logistik;100;0;35700;Tillsvidare;Nej;3;10;1;;2017-01-10
man;56;55-59;50-59;Logistik;100;0;40800;Tillsvidare;Nej;3;10;1;;2013-10-15
kvinna;49;45-49;40-49;Logistik;100;75;38675;Tillsvidare;Nej;3;10;1;;2000-10-10
kvinna;43;40-44;40-49;Logistik;100;0;41820;Tillsvidare;Nej;3;10;1;;2012-02-01
man;42;40-44;40-49;Logistik;100;0;41395;Tillsvidare;Nej;3;10;1;;2013-11-01
man;35;35-39;30-39;Logistik;100;0;33830;Tillsvidare;Nej;3;10;1;;2012-08-15
man;41;40-44;40-49;Logistik;100;0;39525;Tillsvidare;Ja;4;10;1;;2011-04-26
man;38;35-39;30-39;Logistik;100;68;40800;Tillsvidare;Nej;4;10;1;;2006-06-13
kvinna;51;50-54;50-59;Logistik;100;0;41990;Tillsvidare;Ja;4;10;1;;2002-08-13
kvinna;40;40-44;40-49;Logistik;100;0;40970;Tillsvidare;Ja;4;10;1;;2007-02-06
man;47;45-49;40-49;Logistik;100;0;42925;Tillsvidare;Ja;4;10;1;;1999-01-19
man;44;40-44;40-49;Logistik;100;0;41310;Tillsvidare;Ja;4;10;1;;2003-03-25
kvinna;35;35-39;30-39;Logistik;100;0;41055;Tillsvidare;Nej;4;10;1;;2011-11-29
kvinna;53;50-54;50-59;Logistik;100;0;44540;Tillsvidare;Nej;4;10;1;;1993-11-23
kvinna;45;45-49;40-49;Logistik;100;100;45220;Tillsvidare;Nej;4;10;1;;2001-01-31
man;39;35-39;30-39;Logistik;100;0;40205;Tillsvidare;Ja;4;10;1;;2010-03-16
man;36;35-39;30-39;Logistik;100;0;41480;Tillsvidare;Ja;4;10;1;;2009-08-11
man;35;35-39;30-39;Logistik;100;0;40120;Tillsvidare;Nej;4;10;1;;2013-03-05
man;49;45-49;40-49;Logistik;100;0;43860;Tillsvidare;Ja;4;10;1;;2013-02-19
kvinna;44;40-44;40-49;Logistik;100;0;44625;Tillsvidare;Ja;4;10;1;;2013-09-25
man;42;40-44;40-49;Logistik;100;0;43775;Tillsvidare;Ja;4;10;1;;2014-05-01
man;40;40-44;40-49;Logistik;100;0;43775;Tillsvidare;Ja;4;10;1;;2016-06-07
kvinna;42;40-44;40-49;Logistik;100;0;39525;Tillsvidare;Ja;4;10;1;;2002-10-15
kvinna;38;35-39;30-39;Logistik;100;0;40800;Tillsvidare;Ja;4;10;1;;2004-12-12
kvinna;54;50-54;50-59;Logistik;100;0;44710;Tillsvidare;Ja;4;10;1;;1997-07-01
man;50;50-54;50-59;Logistik;100;0;44540;Tillsvidare;Ja;4;10;1;;2003-04-08
man;55;55-59;50-59;Logistik;100;0;51935;Tillsvidare;Ja;5;10;1;;2007-03-01
man;50;50-54;50-59;Logistik;100;0;49725;Tillsvidare;Ja;5;10;1;;2001-01-31
man;49;45-49;40-49;Logistik;100;0;48110;Tillsvidare;Ja;5;10;1;;2009-05-19
kvinna;53;50-54;50-59;Logistik;100;0;51595;Tillsvidare;Ja;5;10;1;Nej;1996-09-11
man;53;50-54;50-59;Logistik;100;0;48875;Tillsvidare;Ja;5;10;1;;1993-02-16
man;57;55-59;50-59;Logistik;100;0;52020;Tillsvidare;Ja;5;10;1;;1993-09-01
kvinna;49;45-49;40-49;Logistik;100;0;47515;Tillsvidare;Ja;5;10;1;;2003-09-01
kvinna;52;50-54;50-59;Logistik;100;20;50915;Tillsvidare;Ja;5;10;1;;1996-07-31
man;54;50-54;50-59;Logistik;100;0;49300;Tillsvidare;Ja;5;10;1;;1990-08-28
kvinna;49;45-49;40-49;Logistik;100;0;47515;Tillsvidare;Ja;5;10;1;;1998-03-01
man;52;50-54;50-59;Logistik;100;0;47685;Tillsvidare;Ja;5;10;1;;1997-08-26
kvinna;41;40-44;40-49;Logistik;100;0;48450;Tillsvidare;Ja;5;10;1;;2004-01-15
man;40;40-44;40-49;Ekonomi;100;0;56950;Tillsvidare;Ja;5;10;1;;2014-01-07
man;49;45-49;40-49;Ekonomi;100;0;60520;Tillsvidare;Ja;5;10;1;Ja;2002-12-03
man;39;35-39;30-39;Ekonomi;100;0;58905;Tillsvidare;Ja;5;10;1;Ja;2005-02-04
kvinna;52;50-54;50-59;Ekonomi;100;0;57375;Tillsvidare;Ja;5;10;1;Nej;2007-01-16
man;39;35-39;30-39;Ekonomi;100;0;43223;Tillsvidare;Ja;3;10;1;;2014-05-06
kvinna;38;35-39;30-39;Ekonomi;100;0;46495;Tillsvidare;Ja;3;10;1;;2015-09-01
man;38;35-39;30-39;Ekonomi;100;0;39525;Tillsvidare;Ja;3;10;1;;2014-07-18
kvinna;32;30-34;30-39;Ekonomi;100;0;32300;Tillsvidare;Nej;3;10;1;;2013-04-18
kvinna;31;30-34;30-39;Ekonomi;100;0;30600;Tillsvidare;Nej;3;10;1;;2014-02-18
man;30;30-34;30-39;Ekonomi;100;0;29665;Tillsvidare;Nej;3;10;1;;2013-06-07
kvinna;55;55-59;50-59;Ekonomi;100;0;34425;Tillsvidare;Nej;3;10;1;;1981-09-29
kvinna;45;45-49;40-49;Ekonomi;100;20;39950;Tillsvidare;Ja;3;10;1;;2015-01-07
kvinna;41;40-44;40-49;Ekonomi;100;0;34000;Tillsvidare;Nej;3;10;1;;2010-07-27
kvinna;37;35-39;30-39;Ekonomi;100;25;33320;Tillsvidare;Nej;3;10;1;;2007-10-24
man;32;30-34;30-39;Ekonomi;100;80;31790;Tillsvidare;Nej;3;10;1;;2012-06-12
kvinna;31;30-34;30-39;Ekonomi;100;0;31960;Tillsvidare;Nej;3;10;1;;2013-01-08
kvinna;51;50-54;50-59;Ekonomi;100;3;31535;Tillsvidare;Nej;3;10;1;;2002-06-01
kvinna;37;35-39;30-39;Ekonomi;100;0;39440;Tillsvidare;Ja;3;10;1;;2014-01-10
kvinna;36;35-39;30-39;Ekonomi;100;6;40800;Tillsvidare;Ja;3;10;1;;2014-09-16
kvinna;33;30-34;30-39;Ekonomi;100;100;35615;Tillsvidare;Nej;3;10;1;;2013-08-20
kvinna;30;30-34;30-39;Ekonomi;100;0;29750;Tidsbegränsad;Nej;3;10;1;;2016-08-02
man;39;35-39;30-39;Ekonomi;100;10;36550;Tidsbegränsad;Nej;3;10;1;;2016-08-31
kvinna;38;35-39;30-39;Ekonomi;100;3;36380;Tillsvidare;Nej;3;10;1;;2011-02-01
man;32;30-34;30-39;Ekonomi;100;0;31705;Tillsvidare;Nej;3;10;1;;2011-07-12
kvinna;27;25-29;-29;Ekonomi;100;0;24650;Tidsbegränsad;Nej;3;10;1;;2017-02-02
kvinna;41;40-44;40-49;Ekonomi;100;0;43690;Tillsvidare;Nej;4;10;1;;2003-02-01
man;49;45-49;40-49;Ekonomi;100;0;43775;Tillsvidare;Ja;4;10;1;;2004-04-21
kvinna;45;45-49;40-49;Ekonomi;100;25;40120;Tillsvidare;Nej;4;10;1;;1999-06-22
man;44;40-44;40-49;Ekonomi;100;0;43010;Tillsvidare;Ja;4;10;1;;2003-02-12
kvinna;49;45-49;40-49;Ekonomi;100;0;44625;Tillsvidare;Nej;4;10;1;;1996-08-31
man;46;45-49;40-49;Ekonomi;100;0;44625;Tillsvidare;Ja;4;10;1;;2002-06-01
kvinna;42;40-44;40-49;Ekonomi;100;100;44965;Tillsvidare;Ja;4;10;1;;2010-02-16
kvinna;36;35-39;30-39;Ekonomi;100;0;43010;Tillsvidare;Ja;4;10;1;;2012-12-31
man;55;55-59;50-59;Ekonomi;100;0;40120;Tillsvidare;Ja;4;10;1;;1997-02-25
kvinna;49;45-49;40-49;Ekonomi;100;0;44795;Tillsvidare;Ja;4;10;1;;2013-02-12
kvinna;41;40-44;40-49;Ekonomi;100;0;51000;Tillsvidare;Ja;4;10;1;;2008-12-09
kvinna;38;35-39;30-39;Ekonomi;100;100;42670;Tillsvidare;Nej;4;10;1;;2010-04-16
man;56;55-59;50-59;Ekonomi;100;0;51595;Tillsvidare;Ja;5;10;1;;2002-12-03
man;55;55-59;50-59;Ekonomi;100;0;51680;Tillsvidare;Ja;5;10;1;;2007-09-04
kvinna;54;50-54;50-59;Ekonomi;100;0;50830;Tillsvidare;Ja;5;10;1;;2000-08-01
man;51;50-54;50-59;Ekonomi;100;0;52955;Tillsvidare;Ja;5;10;1;;2012-11-06
man;45;45-49;40-49;Ekonomi;100;0;52615;Tillsvidare;Ja;5;10;1;;2007-01-10
man;41;40-44;40-49;Ekonomi;100;0;54825;Tillsvidare;Ja;5;10;1;Nej;2003-01-01
man;48;45-49;40-49;Marknad;100;0;59840;Tillsvidare;Ja;5;10;1;Ja;2010-09-28
man;60;60-64;60-;Marknad;100;0;58225;Tillsvidare;Ja;5;10;1;Ja;1993-06-09
man;36;35-39;30-39;Marknad;100;0;38505;Tillsvidare;Nej;3;10;1;;2013-04-23
man;28;25-29;-29;Marknad;100;0;28560;Tillsvidare;Nej;3;10;1;;2015-05-01
kvinna;26;25-29;-29;Marknad;100;0;25500;Tillsvidare;Nej;3;10;1;;2016-08-16
man;43;40-44;40-49;Marknad;100;3;38080;Tillsvidare;Nej;3;10;1;;2009-11-03
kvinna;35;35-39;30-39;Marknad;100;2;39355;Tillsvidare;Nej;3;10;1;;2013-09-10
man;31;30-34;30-39;Marknad;100;0;31365;Tillsvidare;Nej;3;10;1;;2013-06-04
kvinna;40;40-44;40-49;Marknad;100;25;39865;Tillsvidare;Nej;3;10;1;;2013-10-01
man;36;35-39;30-39;Marknad;100;0;46750;Tillsvidare;Nej;3;10;1;;2017-03-21
man;36;35-39;30-39;Marknad;100;0;24225;Tidsbegränsad;Nej;3;10;1;;2016-06-12
kvinna;41;40-44;40-49;Marknad;100;0;39355;Tillsvidare;Nej;3;10;1;;2004-07-31
kvinna;52;50-54;50-59;Marknad;100;0;44200;Tillsvidare;Nej;4;10;1;;2000-08-01
man;35;35-39;30-39;Marknad;100;16;41310;Tillsvidare;Ja;4;10;1;;2013-04-23
kvinna;37;35-39;30-39;Marknad;100;0;42585;Tillsvidare;Ja;4;10;1;Nej;2009-09-17
kvinna;53;50-54;50-59;Marknad;100;0;44455;Tillsvidare;Nej;4;10;1;;2007-05-15
kvinna;42;40-44;40-49;Marknad;100;100;45985;Tillsvidare;Nej;4;10;1;;2008-03-11
man;45;45-49;40-49;Marknad;100;0;44795;Tillsvidare;Nej;4;10;1;;2005-11-01
man;67;65-;60-;Marknad;100;0;55165;Tillsvidare;Ja;5;10;1;Nej;2002-01-15
kvinna;63;60-64;60-;Marknad;100;0;50490;Tillsvidare;Ja;5;10;1;;1994-05-01
kvinna;51;50-54;50-59;Marknad;100;0;48620;Tillsvidare;Ja;5;10;1;;2014-11-05
kvinna;59;55-59;50-59;Produktion;100;0;60860;Tillsvidare;Ja;5;10;1;Ja;1990-02-13
man;64;60-64;60-;Produktion;100;0;54315;Tillsvidare;Ja;5;10;1;;1993-03-01
man;42;40-44;40-49;Produktion;100;13;60860;Tillsvidare;Ja;5;10;1;Ja;2003-03-18
kvinna;51;50-54;50-59;Produktion;100;0;36805;Tillsvidare;Nej;3;10;1;;1991-05-01
man;36;35-39;30-39;Produktion;100;10;36125;Tillsvidare;Nej;3;10;1;;2010-05-19
man;33;30-34;30-39;Produktion;100;0;27200;Tidsbegränsad;Nej;3;10;1;;2016-08-17
kvinna;30;30-34;30-39;Produktion;100;0;29750;Tillsvidare;Nej;3;10;1;;2015-03-31
man;30;30-34;30-39;Produktion;100;0;27200;Tidsbegränsad;Nej;3;10;1;;2017-01-10
kvinna;28;25-29;-29;Produktion;100;0;29750;Tidsbegränsad;Nej;3;10;1;;2014-06-10
kvinna;34;30-34;30-39;Produktion;100;0;31025;Tillsvidare;Nej;3;10;1;;2012-08-07
kvinna;34;30-34;30-39;Produktion;100;100;36210;Tillsvidare;Nej;3;10;1;;2014-06-03
man;34;30-34;30-39;Produktion;100;10;31365;Tidsbegränsad;Nej;3;10;1;;2015-04-28
kvinna;32;30-34;30-39;Produktion;100;0;37825;Tidsbegränsad;Nej;3;10;1;;2016-06-21
man;31;30-34;30-39;Produktion;100;100;34000;Tillsvidare;Nej;3;10;1;;2012-07-05
kvinna;29;25-29;-29;Produktion;100;0;29750;Tillsvidare;Nej;3;10;1;;2015-01-13
kvinna;27;25-29;-29;Produktion;100;0;29750;Tidsbegränsad;Nej;3;10;1;;2014-07-09
kvinna;27;25-29;-29;Produktion;100;0;27200;Tidsbegränsad;Nej;3;10;1;;2016-03-15
kvinna;36;35-39;30-39;Produktion;100;100;40120;Tillsvidare;Nej;4;10;1;;2009-05-01
man;35;35-39;30-39;Produktion;100;0;39100;Tillsvidare;Nej;4;10;1;;2009-06-05
man;46;45-49;40-49;Produktion;100;10;44328;Tillsvidare;Ja;4;10;1;;1998-06-23
man;48;45-49;40-49;Produktion;100;0;47005;Tillsvidare;Ja;5;10;1;;1997-07-01
man;41;40-44;40-49;Produktion;100;10;48535;Tillsvidare;Ja;5;10;1;Nej;2001-07-10
man;67;65-;60-;Produktion;100;0;51000;Tillsvidare;Ja;5;10;1;;2001-08-14
kvinna;44;40-44;40-49;Produktion;100;0;48535;Tillsvidare;Ja;5;10;1;Nej;2010-09-14
man;56;55-59;50-59;Lager;100;0;61455;Tillsvidare;Ja;5;10;1;Ja;1997-12-01
kvinna;43;40-44;40-49;Lager;100;0;44880;Tillsvidare;Ja;3;10;1;;2013-01-31
kvinna;35;35-39;30-39;Lager;100;0;44455;Tillsvidare;Ja;3;10;1;;2014-10-01
man;41;40-44;40-49;Lager;100;0;40290;Tillsvidare;Nej;3;10;1;;2013-03-07
man;40;40-44;40-49;Lager;100;31;41225;Tillsvidare;Nej;3;10;1;;2011-02-15
kvinna;38;35-39;30-39;Lager;100;25;41480;Tillsvidare;Nej;3;10;1;;2012-10-23
kvinna;35;35-39;30-39;Lager;100;50;32300;Tillsvidare;Nej;3;10;1;;2008-06-10
kvinna;33;30-34;30-39;Lager;100;0;36890;Tillsvidare;Nej;3;10;1;;2015-04-03
man;32;30-34;30-39;Lager;100;0;31705;Tillsvidare;Nej;3;10;1;;2012-10-30
man;31;30-34;30-39;Lager;100;0;30175;Tillsvidare;Nej;3;10;1;;2014-03-18
kvinna;31;30-34;30-39;Lager;100;100;31450;Tillsvidare;Nej;3;10;1;;2012-10-30
man;48;45-49;40-49;Lager;100;0;45135;Tillsvidare;Ja;4;10;1;;2000-10-31
kvinna;44;40-44;40-49;Lager;100;0;47600;Tillsvidare;Ja;4;10;1;;2010-01-19
man;53;50-54;50-59;Lager;100;0;43690;Tillsvidare;Nej;4;10;1;;1997-07-01
man;42;40-44;40-49;Lager;100;10;41905;Tillsvidare;Nej;4;10;1;;2004-03-31
man;40;40-44;40-49;Lager;100;0;40290;Tillsvidare;Nej;4;10;1;;2011-05-13
man;39;35-39;30-39;Lager;100;0;38505;Tillsvidare;Ja;4;10;1;;2010-01-12
kvinna;37;35-39;30-39;Lager;100;10;44285;Tillsvidare;Ja;4;10;1;;2012-06-15
man;36;35-39;30-39;Lager;100;0;39270;Tillsvidare;Nej;4;10;1;;2010-06-01
man;52;50-54;50-59;Lager;100;0;43095;Tillsvidare;Ja;5;10;1;;2002-01-01
man;45;45-49;40-49;Lager;100;0;46155;Tillsvidare;Ja;5;10;1;;2012-08-07
man;42;40-44;40-49;Lager;100;0;45390;Tillsvidare;Ja;5;10;1;;2010-03-01
man;46;45-49;40-49;Lager;100;19;48875;Tillsvidare;Ja;5;10;1;Nej;2005-08-01
kvinna;53;50-54;50-59;Administration;100;0;59075;Tillsvidare;Ja;5;10;1;;1994-05-01
man;51;50-54;50-59;Administration;100;0;72250;Tillsvidare;Ja;5;10;1;;1993-07-01
kvinna;45;45-49;40-49;Administration;100;0;62050;Tillsvidare;Ja;5;10;1;Ja;2000-09-19
man;64;60-64;60-;Administration;100;50;55590;Tillsvidare;Ja;5;10;1;;2001-04-25
man;53;50-54;50-59;Administration;100;0;61030;Tillsvidare;Ja;5;10;1;Ja;1998-01-01
man;51;50-54;50-59;Administration;100;0;61200;Tillsvidare;Ja;5;10;1;Ja;2011-03-22
kvinna;41;40-44;40-49;Administration;100;3;37655;Tillsvidare;Ja;3;10;1;;2015-03-01
kvinna;55;55-59;50-59;Administration;100;0;42415;Tillsvidare;Nej;3;10;1;;2012-12-31
kvinna;51;50-54;50-59;Administration;100;0;49470;Tidsbegränsad;Ja;3;10;1;;2015-11-03
kvinna;39;35-39;30-39;Administration;100;2;39950;Tidsbegränsad;Ja;3;10;1;;2016-08-31
kvinna;35;35-39;30-39;Administration;100;0;34850;Tillsvidare;Nej;3;10;1;;2012-05-15
man;28;25-29;-29;Administration;100;0;29070;Tillsvidare;Nej;3;10;1;;2015-08-25
kvinna;27;25-29;-29;Administration;100;0;24650;Tidsbegränsad;Nej;3;10;1;;2016-11-15
kvinna;47;45-49;40-49;Administration;100;0;36975;Tillsvidare;Nej;3;10;1;;2005-01-25
kvinna;37;35-39;30-39;Administration;100;100;36550;Tillsvidare;Nej;3;10;1;;2015-02-17
kvinna;37;35-39;30-39;Administration;100;0;35700;Tillsvidare;Ja;3;10;1;;2009-02-03
man;35;35-39;30-39;Administration;100;0;36380;Tillsvidare;Ja;3;10;1;;2015-04-07
man;34;30-34;30-39;Administration;100;0;34000;Tidsbegränsad;Ja;3;10;1;;2016-08-04
kvinna;32;30-34;30-39;Administration;100;0;33575;Tillsvidare;Nej;3;10;1;;2015-04-01
kvinna;34;30-34;30-39;Administration;100;0;34000;Tidsbegränsad;Nej;3;10;1;;2017-03-07
kvinna;32;30-34;30-39;Administration;100;10;30685;Tillsvidare;Nej;3;10;1;;2012-06-12
kvinna;46;45-49;40-49;Administration;100;0;33745;Tillsvidare;Nej;3;10;1;;2011-10-25
man;57;55-59;50-59;Administration;100;0;41990;Tillsvidare;Nej;4;10;1;;2000-02-15
man;43;40-44;40-49;Administration;100;0;40375;Tillsvidare;Ja;4;10;1;;2008-09-16
kvinna;43;40-44;40-49;Administration;100;0;40970;Tillsvidare;Nej;4;10;1;;2006-05-01
kvinna;39;35-39;30-39;Administration;100;0;43350;Tillsvidare;Ja;4;10;1;;2007-09-01
man;53;50-54;50-59;Administration;100;0;39440;Tillsvidare;Ja;4;10;1;;1992-03-03
kvinna;48;45-49;40-49;Administration;100;0;38590;Tillsvidare;Nej;4;10;1;;1999-09-21
kvinna;46;45-49;40-49;Administration;100;0;42670;Tillsvidare;Ja;4;10;1;;1998-12-01
man;46;45-49;40-49;Administration;100;20;40290;Tillsvidare;Ja;4;10;1;;2003-03-25
kvinna;43;40-44;40-49;Administration;100;35;44200;Tillsvidare;Nej;4;10;1;;2012-04-17
kvinna;42;40-44;40-49;Administration;100;15;40205;Tillsvidare;Ja;4;10;1;;2003-08-05
kvinna;40;40-44;40-49;Administration;100;0;38930;Tillsvidare;Nej;4;10;1;;2005-09-15
man;42;40-44;40-49;Administration;100;0;39270;Tillsvidare;Nej;4;10;1;;2009-04-15
kvinna;54;50-54;50-59;Administration;100;0;39950;Tillsvidare;Ja;4;10;1;;2007-02-06
man;39;35-39;30-39;Administration;100;0;37570;Tillsvidare;Ja;4;10;1;;2007-01-30
man;60;60-64;60-;Administration;100;0;50320;Tillsvidare;Ja;5;10;1;Nej;1999-08-10
kvinna;62;60-64;60-;Administration;100;0;46155;Tillsvidare;Ja;5;10;1;;1994-04-26
man;61;60-64;60-;Administration;100;0;49470;Tillsvidare;Ja;5;10;1;;1988-12-31
man;46;45-49;40-49;Administration;100;0;45900;Tillsvidare;Ja;5;10;1;;2001-08-28
kvinna;62;60-64;60-;Administration;100;0;46325;Tillsvidare;Ja;5;10;1;;1976-06-08
man;53;50-54;50-59;Administration;100;0;44710;Tillsvidare;Ja;5;10;1;;1987-09-15
kvinna;47;45-49;40-49;Administration;100;0;48195;Tillsvidare;Ja;5;10;1;Nej;1996-12-31
kvinna;39;35-39;30-39;Ledning;100;0;30855;Tillsvidare;Nej;3;10;1;;2004-01-07
kvinna;56;55-59;50-59;Vaktmästeri;100;0;43350;Tillsvidare;Nej;4;10;1;;2001-01-31
man;55;55-59;50-59;Vaktmästeri;100;0;48025;Tillsvidare;Ja;5;10;1;;2001-02-06
man;34;30-34;30-39;Ekonomi;100;0;38250;Tillsvidare;Nej;3;12;2;;2015-05-19
kvinna;50;50-54;50-59;Marknad;100;0;61710;Tillsvidare;Ja;5;12;2;Ja;2002-01-01
kvinna;43;40-44;40-49;Marknad;100;0;61200;Tillsvidare;Ja;5;12;2;Ja;2017-02-14
kvinna;53;50-54;50-59;Marknad;100;0;39950;Tillsvidare;Nej;3;12;2;;2011-09-30
kvinna;41;40-44;40-49;Marknad;100;0;39355;Tidsbegränsad;Nej;3;12;2;;2017-02-07
kvinna;35;35-39;30-39;Marknad;100;0;45900;Tillsvidare;Nej;3;12;2;;2017-01-10
kvinna;47;45-49;40-49;Marknad;100;81;39355;Tillsvidare;Nej;3;12;2;;2013-10-22
kvinna;38;35-39;30-39;Marknad;100;100;43860;Tillsvidare;Ja;3;12;2;;2013-10-15
man;37;35-39;30-39;Marknad;100;90;46665;Tillsvidare;Nej;3;12;2;;2016-05-10
kvinna;37;35-39;30-39;Marknad;100;0;39015;Tillsvidare;Nej;3;12;2;;2012-12-11
kvinna;38;35-39;30-39;Marknad;100;100;41140;Tillsvidare;Ja;4;12;2;;2013-01-08
kvinna;47;45-49;40-49;Marknad;100;0;45560;Tillsvidare;Nej;4;12;2;Nej;2010-08-01
kvinna;43;40-44;40-49;Marknad;100;0;44370;Tillsvidare;Nej;4;12;2;;2004-05-04
kvinna;43;40-44;40-49;Marknad;100;0;44115;Tillsvidare;Nej;4;12;2;;2002-08-06
kvinna;40;40-44;40-49;Marknad;100;100;41905;Tillsvidare;Ja;4;12;2;;2012-05-15
kvinna;40;40-44;40-49;Marknad;100;0;44030;Tillsvidare;Ja;4;12;2;;2011-08-30
man;51;50-54;50-59;Marknad;100;0;44710;Tillsvidare;Ja;4;12;2;;2009-11-18
kvinna;42;40-44;40-49;Marknad;100;0;37230;Tidsbegränsad;Ja;3;12;2;;2014-12-11
man;37;35-39;30-39;Marknad;100;0;37910;Tidsbegränsad;Ja;3;12;2;;2014-11-14
man;35;35-39;30-39;Marknad;100;0;35530;Tidsbegränsad;Ja;3;12;2;;2016-08-16
man;35;35-39;30-39;Marknad;100;0;37230;Tillsvidare;Ja;3;12;2;;2011-11-15
man;40;40-44;40-49;Marknad;100;0;40630;Tidsbegränsad;Ja;3;12;2;;2015-08-20
man;36;35-39;30-39;Marknad;100;0;35530;Tidsbegränsad;Ja;3;12;2;;2016-09-30
man;33;30-34;30-39;Marknad;100;0;35530;Tidsbegränsad;Ja;3;12;2;;2016-11-07
kvinna;56;55-59;50-59;Marknad;100;100;48365;Tillsvidare;Ja;5;12;2;;2007-10-02
man;48;45-49;40-49;Marknad;100;0;49470;Tillsvidare;Ja;5;12;2;Nej;2002-08-13
kvinna;47;45-49;40-49;Marknad;100;10;48705;Tillsvidare;Ja;5;12;2;;2005-11-01
kvinna;56;55-59;50-59;Lager;100;0;58905;Tillsvidare;Ja;5;12;2;;1992-02-01
man;44;40-44;40-49;Lager;100;0;58310;Tillsvidare;Ja;5;12;2;Ja;2006-04-18
kvinna;62;60-64;60-;Lager;100;0;65110;Tillsvidare;Ja;5;12;2;Ja;1992-02-29
man;46;45-49;40-49;Lager;100;0;61285;Tillsvidare;Ja;5;12;2;Ja;2002-01-15
kvinna;52;50-54;50-59;Lager;100;0;56100;Tillsvidare;Ja;5;12;2;Nej;1996-04-13
kvinna;53;50-54;50-59;Lager;100;0;43860;Tillsvidare;Nej;3;12;2;;2012-07-31
kvinna;49;45-49;40-49;Lager;100;13;41650;Tillsvidare;Ja;3;12;2;;2016-08-23
kvinna;43;40-44;40-49;Lager;100;100;40800;Tillsvidare;Nej;3;12;2;;2006-01-24
kvinna;42;40-44;40-49;Lager;100;0;35700;Tillsvidare;Nej;3;12;2;;2014-08-26
man;41;40-44;40-49;Lager;100;0;40120;Tillsvidare;Nej;3;12;2;;2013-08-06
kvinna;39;35-39;30-39;Lager;100;3;40545;Tillsvidare;Ja;3;12;2;;2012-12-04
kvinna;38;35-39;30-39;Lager;100;3;42670;Tillsvidare;Nej;3;12;2;;2010-04-14
kvinna;37;35-39;30-39;Lager;100;100;35275;Tillsvidare;Nej;3;12;2;;2012-11-30
man;49;45-49;40-49;Lager;100;0;38845;Tillsvidare;Nej;3;12;2;;2008-11-25
kvinna;49;45-49;40-49;Lager;100;0;43010;Tillsvidare;Ja;3;12;2;;2007-02-01
kvinna;45;45-49;40-49;Lager;100;0;40205;Tillsvidare;Nej;3;12;2;;2008-04-30
man;42;40-44;40-49;Lager;100;3;40375;Tillsvidare;Ja;3;12;2;;2016-12-31
man;42;40-44;40-49;Lager;100;0;35445;Tillsvidare;Ja;3;12;2;;2014-09-01
kvinna;42;40-44;40-49;Lager;100;0;40545;Tillsvidare;Ja;3;12;2;;2013-11-28
kvinna;40;40-44;40-49;Lager;100;10;35020;Tillsvidare;Ja;3;12;2;;2015-04-01
kvinna;34;30-34;30-39;Lager;100;0;33830;Tillsvidare;Ja;3;12;2;;2014-06-01
man;34;30-34;30-39;Lager;100;0;38845;Tillsvidare;Nej;3;12;2;;2012-09-11
kvinna;31;30-34;30-39;Lager;100;58;36210;Tillsvidare;Ja;3;12;2;;2015-03-17
kvinna;48;45-49;40-49;Lager;100;0;40885;Tillsvidare;Ja;4;12;2;;2001-12-15
man;56;55-59;50-59;Lager;100;0;42415;Tillsvidare;Nej;4;12;2;;1997-09-01
kvinna;50;50-54;50-59;Lager;100;0;46155;Tillsvidare;Nej;4;12;2;;2000-02-29
kvinna;49;45-49;40-49;Lager;100;0;45475;Tillsvidare;Ja;4;12;2;;2007-03-10
man;46;45-49;40-49;Lager;100;0;40800;Tillsvidare;Nej;4;12;2;;2003-11-01
man;44;40-44;40-49;Lager;100;0;43265;Tillsvidare;Nej;4;12;2;;2007-01-16
man;41;40-44;40-49;Lager;100;0;42840;Tillsvidare;Ja;4;12;2;;2008-10-28
kvinna;39;35-39;30-39;Lager;100;0;42670;Tillsvidare;Ja;4;12;2;;2012-12-31
man;46;45-49;40-49;Lager;100;0;46750;Tillsvidare;Ja;4;12;2;;2004-12-31
man;46;45-49;40-49;Lager;100;0;41395;Tillsvidare;Ja;4;12;2;;2012-04-25
kvinna;42;40-44;40-49;Lager;100;20;43010;Tillsvidare;Nej;4;12;2;;2007-05-01
man;41;40-44;40-49;Lager;100;0;41310;Tillsvidare;Ja;4;12;2;;2011-09-01
man;47;45-49;40-49;Lager;100;0;43605;Tillsvidare;Nej;4;12;2;Nej;2009-05-01
man;64;60-64;60-;Lager;100;0;41820;Tillsvidare;Nej;4;12;2;;2002-01-22
man;48;45-49;40-49;Lager;100;0;44030;Tillsvidare;Ja;4;12;2;;2009-08-18
kvinna;42;40-44;40-49;Lager;100;20;40120;Tillsvidare;Nej;4;12;2;;2006-03-01
kvinna;41;40-44;40-49;Lager;100;0;41990;Tillsvidare;Ja;4;12;2;;2008-08-31
man;42;40-44;40-49;Lager;100;0;37485;Tidsbegränsad;Ja;3;12;2;;2014-08-29
kvinna;42;40-44;40-49;Lager;100;0;35530;Tidsbegränsad;Ja;3;12;2;;2016-11-01
kvinna;39;35-39;30-39;Lager;100;0;35530;Tidsbegränsad;Ja;3;12;2;;2016-11-17
kvinna;37;35-39;30-39;Lager;100;3;37145;Tidsbegränsad;Ja;3;12;2;;2015-01-13
man;35;35-39;30-39;Lager;100;0;35530;Tidsbegränsad;Ja;3;12;2;;2016-09-16
kvinna;33;30-34;30-39;Lager;100;0;37145;Tidsbegränsad;Ja;3;12;2;;2015-03-01
kvinna;39;35-39;30-39;Lager;100;100;37400;Tidsbegränsad;Ja;3;12;2;;2016-08-16
kvinna;39;35-39;30-39;Lager;100;3;39865;Tidsbegränsad;Ja;3;12;2;;2013-06-25
man;38;35-39;30-39;Lager;100;6;36210;Tidsbegränsad;Ja;3;12;2;;2016-03-08
kvinna;38;35-39;30-39;Lager;100;10;37230;Tidsbegränsad;Ja;3;12;2;;2015-03-24
kvinna;41;40-44;40-49;Lager;100;0;40885;Tidsbegränsad;Ja;3;12;2;;2014-05-01
man;39;35-39;30-39;Lager;100;0;40630;Tidsbegränsad;Ja;3;12;2;;2013-03-01
kvinna;57;55-59;50-59;Lager;100;0;43775;Tillsvidare;Ja;5;12;2;;1994-06-21
kvinna;53;50-54;50-59;Lager;100;100;47685;Tillsvidare;Ja;5;12;2;Nej;2006-02-01
man;49;45-49;40-49;Lager;100;0;50320;Tillsvidare;Ja;5;12;2;Nej;2003-03-11
kvinna;58;55-59;50-59;Lager;100;0;50660;Tillsvidare;Ja;5;12;2;;1993-01-31
kvinna;63;60-64;60-;Lager;100;13;51510;Tillsvidare;Ja;5;12;2;Nej;1989-11-14
man;52;50-54;50-59;Lager;100;0;49300;Tillsvidare;Ja;5;12;2;Nej;1999-10-01
man;71;65-;60-;Lager;50;0;44115;Tidsbegränsad;Ja;5;12;2;;1982-09-14
kvinna;48;45-49;40-49;Lager;100;6;48960;Tillsvidare;Ja;5;12;2;;2008-08-31
man;45;45-49;40-49;Lager;100;0;48110;Tillsvidare;Ja;5;12;2;Nej;2006-09-01
kvinna;47;45-49;40-49;Administration;100;0;57970;Tillsvidare;Ja;5;12;2;Ja;2003-01-07
kvinna;57;55-59;50-59;Administration;100;0;52275;Tillsvidare;Ja;5;12;2;;1995-01-01
kvinna;33;30-34;30-39;Administration;100;10;31450;Tidsbegränsad;Ja;3;12;2;;2016-10-18
kvinna;33;30-34;30-39;Administration;100;0;35785;Tillsvidare;Nej;3;12;2;;2013-05-01
kvinna;48;45-49;40-49;Administration;100;0;40375;Tillsvidare;Ja;3;12;2;;2014-04-08
kvinna;38;35-39;30-39;Administration;100;0;39355;Tillsvidare;Ja;3;12;2;;2015-09-01
kvinna;37;35-39;30-39;Administration;100;0;34000;Tidsbegränsad;Nej;3;12;2;;2016-10-31
kvinna;55;55-59;50-59;Administration;100;0;40800;Tillsvidare;Nej;3;12;2;;2001-12-04
man;40;40-44;40-49;Administration;100;0;34850;Tidsbegränsad;Ja;3;12;2;;2016-11-18
man;67;65-;60-;Administration;100;0;45985;Tillsvidare;Nej;4;12;2;;2002-09-01
kvinna;53;50-54;50-59;Administration;100;0;41905;Tillsvidare;Ja;4;12;2;;2006-08-22
kvinna;52;50-54;50-59;Administration;100;0;47600;Tillsvidare;Ja;4;12;2;;2002-03-05
man;46;45-49;40-49;Administration;100;100;50150;Tillsvidare;Ja;4;12;2;;2013-10-22
kvinna;46;45-49;40-49;Administration;100;0;45475;Tillsvidare;Ja;4;12;2;;2013-01-15
man;40;40-44;40-49;Administration;100;0;39865;Tillsvidare;Ja;4;12;2;;2010-08-10
man;50;50-54;50-59;Administration;100;0;39398;Tillsvidare;Ja;4;12;2;;2013-03-01
kvinna;50;50-54;50-59;Administration;100;10;41055;Tillsvidare;Ja;4;12;2;;2007-08-15
kvinna;44;40-44;40-49;Administration;100;0;43180;Tillsvidare;Ja;4;12;2;;2005-02-22
kvinna;41;40-44;40-49;Administration;100;27;39440;Tidsbegränsad;Ja;3;12;2;;2013-10-15
man;35;35-39;30-39;Administration;100;0;39015;Tidsbegränsad;Ja;3;12;2;;2014-04-15
kvinna;34;30-34;30-39;Administration;100;0;37145;Tidsbegränsad;Ja;3;12;2;;2016-05-03
man;44;40-44;40-49;Administration;100;0;43350;Tidsbegränsad;Ja;3;12;2;;2010-09-01
kvinna;39;35-39;30-39;Administration;100;6;38420;Tidsbegränsad;Ja;3;12;2;;2015-01-06
man;42;40-44;40-49;Administration;100;0;42798;Tidsbegränsad;Ja;3;12;2;;2014-12-02
kvinna;52;50-54;50-59;Administration;100;0;48620;Tillsvidare;Ja;5;12;2;;2011-08-16
man;39;35-39;30-39;Ledning;100;0;55675;Tillsvidare;Ja;5;12;2;Nej;2009-01-31
man;39;35-39;30-39;Ledning;100;0;41650;Tillsvidare;Ja;4;12;2;;2013-06-01
man;35;35-39;30-39;Ledning;100;0;41225;Tillsvidare;Ja;4;12;2;;2007-01-01
kvinna;39;35-39;30-39;Ledning;100;0;41055;Tidsbegränsad;Ja;3;12;2;;2014-06-24
kvinna;37;35-39;30-39;Ledning;100;100;39015;Tidsbegränsad;Ja;3;12;2;;2013-04-01
kvinna;36;35-39;30-39;Ledning;100;6;38505;Tidsbegränsad;Ja;3;12;2;;2010-04-01
kvinna;34;30-34;30-39;Ledning;100;97;36210;Tidsbegränsad;Ja;3;12;2;;2016-04-19
kvinna;33;30-34;30-39;Ledning;100;19;37060;Tidsbegränsad;Ja;3;12;2;;2015-09-15
kvinna;63;60-64;60-;Administration;100;40;44370;Tillsvidare;Ja;5;22;2;;1992-06-30
man;42;40-44;40-49;Kommunikation;100;20;29155;Tillsvidare;Nej;3;44;2;;2013-09-10
man;51;50-54;50-59;Ekonomi;100;0;31450;Tillsvidare;Nej;3;46;3;;1996-11-07
man;44;40-44;40-49;Ekonomi;100;0;37910;Tillsvidare;Nej;3;46;3;;2003-04-29
man;41;40-44;40-49;Ekonomi;100;0;31025;Tillsvidare;Nej;3;46;3;;2003-03-01
man;48;45-49;40-49;Ekonomi;100;0;43605;Tillsvidare;Nej;4;46;3;;2007-12-04
kvinna;59;55-59;50-59;Vaktmästeri;100;0;26605;Tillsvidare;Nej;2;46;3;;1998-03-10
kvinna;53;50-54;50-59;Vaktmästeri;100;0;60350;Tillsvidare;Ja;5;47;3;Ja;2000-10-06
kvinna;48;45-49;40-49;Vaktmästeri;100;0;33065;Tillsvidare;Ja;3;47;3;;1993-09-21
man;47;45-49;40-49;Vaktmästeri;100;0;37995;Tillsvidare;Ja;3;47;3;;2008-11-30
kvinna;41;40-44;40-49;Vaktmästeri;100;2;28220;Tillsvidare;Nej;3;47;3;;2013-09-05
kvinna;37;35-39;30-39;Vaktmästeri;100;10;38505;Tillsvidare;Ja;3;47;3;;2015-05-12
kvinna;32;30-34;30-39;Vaktmästeri;100;0;29835;Tillsvidare;Ja;3;47;3;;2015-06-01
kvinna;55;55-59;50-59;Vaktmästeri;100;0;37400;Tillsvidare;Ja;3;47;3;;1988-07-05
kvinna;37;35-39;30-39;Vaktmästeri;100;0;40715;Tillsvidare;Ja;4;47;3;;2014-01-01
kvinna;50;50-54;50-59;Ekonomi;100;0;32300;Tillsvidare;Nej;3;48;3;;1997-07-01
kvinna;52;50-54;50-59;Vaktmästeri;100;37;59925;Tillsvidare;Ja;5;48;3;Ja;2002-12-03
kvinna;51;50-54;50-59;Vaktmästeri;100;0;36550;Tillsvidare;Ja;3;48;3;;2000-05-09
kvinna;53;50-54;50-59;Vaktmästeri;100;0;41820;Tillsvidare;Nej;4;48;3;;1998-12-01
kvinna;51;50-54;50-59;Vaktmästeri;100;50;24310;Tillsvidare;Nej;2;48;3;;2000-07-11
kvinna;51;50-54;50-59;Kommunikation;100;0;60690;Tillsvidare;Ja;5;49;3;Ja;2009-08-04
kvinna;57;55-59;50-59;Kommunikation;100;0;33915;Tillsvidare;Nej;3;49;3;;2010-05-01
kvinna;50;50-54;50-59;Kommunikation;100;25;27030;Tillsvidare;Nej;3;49;3;;1996-08-14
kvinna;39;35-39;30-39;Kommunikation;100;76;34085;Tillsvidare;Nej;3;49;3;;2013-08-06
man;27;25-29;-29;Kommunikation;100;0;26350;Tillsvidare;Nej;3;49;3;;2016-08-09
kvinna;50;50-54;50-59;Kommunikation;100;25;38420;Tillsvidare;Ja;4;49;3;;1998-02-10
kvinna;49;45-49;40-49;Kommunikation;100;0;36465;Tillsvidare;Ja;4;49;3;;2001-10-09
kvinna;43;40-44;40-49;Kommunikation;100;0;37315;Tillsvidare;Ja;4;49;3;;2003-03-04
kvinna;40;40-44;40-49;Logistik;100;0;22525;Tidsbegränsad;Nej;1;53;4;;2015-08-04
kvinna;51;50-54;50-59;Logistik;100;44;24225;Tillsvidare;Nej;1;53;4;;2013-12-10
kvinna;33;30-34;30-39;Logistik;100;0;27625;Tillsvidare;Nej;1;53;4;;2016-11-22
man;32;30-34;30-39;Logistik;100;0;27625;Tidsbegränsad;Nej;1;53;4;;2016-11-30
kvinna;51;50-54;50-59;Logistik;100;0;27455;Tillsvidare;Nej;2;53;4;;2002-08-13
kvinna;64;60-64;60-;Ekonomi;100;6;25245;Tillsvidare;Nej;1;53;4;;1990-03-01
kvinna;48;45-49;40-49;Ekonomi;100;0;26010;Tillsvidare;Nej;2;53;4;;2015-01-07
kvinna;41;40-44;40-49;Marknad;100;0;22950;Tillsvidare;Nej;1;53;4;;2016-08-31
kvinna;45;45-49;40-49;Marknad;100;6;29665;Tillsvidare;Nej;2;53;4;;2013-01-31
kvinna;41;40-44;40-49;Produktion;100;0;26775;Tillsvidare;Nej;1;53;4;;2017-03-29
kvinna;40;40-44;40-49;Produktion;100;0;24905;Tillsvidare;Nej;1;53;4;;2016-08-16
kvinna;59;55-59;50-59;Produktion;100;0;25245;Tillsvidare;Nej;2;53;4;;1978-04-12
kvinna;48;45-49;40-49;Produktion;100;75;24650;Tillsvidare;Nej;2;53;4;;1990-03-01
kvinna;60;60-64;60-;Lager;100;0;26350;Tillsvidare;Nej;1;53;4;;1985-11-01
kvinna;54;50-54;50-59;Lager;100;0;24055;Tillsvidare;Nej;1;53;4;;1981-02-03
kvinna;57;55-59;50-59;Lager;100;100;18275;Tillsvidare;Nej;1;53;4;;1978-08-29
kvinna;56;55-59;50-59;Lager;100;0;31450;Tillsvidare;Nej;2;53;4;;1997-10-01
kvinna;47;45-49;40-49;Lager;100;0;26435;Tillsvidare;Nej;2;53;4;;2004-05-04
kvinna;47;45-49;40-49;Lager;100;0;26520;Tillsvidare;Nej;2;53;4;;1999-03-01
kvinna;40;40-44;40-49;Administration;100;0;21080;Tillsvidare;Nej;1;53;4;;2013-10-15
kvinna;64;60-64;60-;Administration;100;19;22908;Tillsvidare;Nej;1;53;4;;2013-01-08
kvinna;49;45-49;40-49;Administration;100;0;27710;Tillsvidare;Nej;2;53;4;;1999-09-21
kvinna;65;65-;60-;Administration;100;0;25245;Tillsvidare;Nej;2;53;4;;1976-03-16
kvinna;65;65-;60-;Administration;100;0;27030;Tillsvidare;Nej;2;53;4;;1995-10-01
kvinna;56;55-59;50-59;Ledning;100;25;31790;Tillsvidare;Ja;3;53;4;;1988-01-19
kvinna;55;55-59;50-59;Ledning;100;0;27455;Tillsvidare;Nej;2;53;4;;1986-10-07
kvinna;52;50-54;50-59;Ledning;100;10;26520;Tillsvidare;Nej;2;53;4;;2013-01-08
kvinna;52;50-54;50-59;Ledning;100;50;19805;Tillsvidare;Nej;2;53;4;;1999-09-15
man;50;50-54;50-59;Ledning;100;0;24140;Tillsvidare;Nej;2;53;4;;2002-04-05
kvinna;51;50-54;50-59;Kommunikation;100;0;27285;Tillsvidare;Nej;2;53;4;;2003-08-01
man;53;50-54;50-59;Vaktmästeri;100;75;25840;Tillsvidare;Nej;3;53;4;;1997-08-26
kvinna;39;35-39;30-39;Vaktmästeri;100;3;27200;Tillsvidare;Nej;2;53;4;;2014-12-05
kvinna;59;55-59;50-59;Vaktmästeri;100;0;28050;Tillsvidare;Nej;2;53;4;;2006-04-04
kvinna;48;45-49;40-49;Vaktmästeri;100;100;26010;Tillsvidare;Nej;2;53;4;;2006-03-01
man;48;45-49;40-49;Vaktmästeri;100;0;29240;Tillsvidare;Nej;3;72;4;;1997-11-04
kvinna;28;25-29;-29;Logistik;100;100;19720;Tillsvidare;Nej;1;80;5;;2010-12-01
man;48;45-49;40-49;Logistik;100;100;52445;Tillsvidare;Ja;5;80;5;;2005-03-01
man;45;45-49;40-49;Logistik;100;100;28305;Tillsvidare;Nej;3;80;5;;1999-11-23
kvinna;32;30-34;30-39;Logistik;100;100;36550;Tillsvidare;Nej;3;80;5;;2013-11-12
man;37;35-39;30-39;Logistik;100;100;48110;Tillsvidare;Ja;3;80;5;;2005-06-21
kvinna;33;30-34;30-39;Logistik;100;100;35105;Tillsvidare;Ja;3;80;5;;2013-01-10
kvinna;41;40-44;40-49;Logistik;100;100;38590;Tillsvidare;Ja;3;80;5;;2011-08-09
man;32;30-34;30-39;Logistik;100;0;23800;Tidsbegränsad;Nej;3;80;5;;2017-01-19
kvinna;53;50-54;50-59;Logistik;100;100;26265;Tillsvidare;Nej;2;80;5;;1983-06-21
man;67;65-;60-;Ekonomi;100;88;58650;Tillsvidare;Ja;5;80;5;;1985-03-15
man;26;25-29;-29;Ekonomi;100;0;26350;Tillsvidare;Nej;3;80;5;;2016-06-14
kvinna;46;45-49;40-49;Marknad;100;100;42585;Tillsvidare;Nej;3;80;5;;2009-10-06
man;58;55-59;50-59;Produktion;100;100;51170;Tillsvidare;Ja;5;80;5;;1994-05-01
man;32;30-34;30-39;Produktion;100;100;28730;Tillsvidare;Nej;3;80;5;;2012-07-03
man;36;35-39;30-39;Produktion;100;0;39100;Tillsvidare;Ja;4;80;5;;2008-07-15
kvinna;40;40-44;40-49;Produktion;100;100;45645;Tillsvidare;Ja;5;80;5;;2002-01-10
man;48;45-49;40-49;Produktion;100;100;47005;Tillsvidare;Ja;5;80;5;;1999-08-31
man;67;65-;60-;Lager;100;100;40630;Tillsvidare;Ja;5;80;5;;1982-03-23
man;42;40-44;40-49;Lager;100;100;34425;Tillsvidare;Nej;4;80;5;;2003-11-04
man;40;40-44;40-49;Administration;100;100;29325;Tillsvidare;Nej;3;80;5;;2007-09-01
kvinna;52;50-54;50-59;Administration;100;100;39440;Tillsvidare;Ja;4;80;5;;2003-08-05
kvinna;63;60-64;60-;Administration;100;0;24310;Tillsvidare;Ja;2;80;5;;1989-11-01
man;45;45-49;40-49;Administration;100;100;46155;Tillsvidare;Ja;5;80;5;;2008-11-30